Category,Name,Documentation,Developer / API portal,Source / GitHub,SDKs & notable repos,Downloadable / offline docs,Notes
1. Relational databases — open source,PostgreSQL,https://www.postgresql.org/docs/current/,https://www.postgresql.org/docs/current/libpq.html,https://git.postgresql.org/gitweb/?p=postgresql.git,"libpq, psycopg, pgx, JDBC; extensions via the contrib tree",Full manual as PDF and HTML tarball per version: https://www.postgresql.org/docs/manuals/,The documentation is the benchmark the rest of the industry is measured against. The internals chapters and the source README files are real architecture documentation.
1. Relational databases — open source,PostgreSQL Wiki,https://wiki.postgresql.org/wiki/Main_Page,https://wiki.postgresql.org/wiki/Developer_FAQ,—,"Developer FAQ, todo lists, performance guidance",Wiki,The Developer FAQ is the entry point for reading the source.
1. Relational databases — open source,MySQL,https://dev.mysql.com/doc/,https://dev.mysql.com/doc/refman/8.4/en/,https://github.com/mysql/mysql-server,"Connector/J, Connector/Python, X DevAPI","Reference Manual downloadable as PDF, EPUB and HTML per version",Site 403s to bots; fine in a browser. The InnoDB chapters are the valuable part.
1. Relational databases — open source,MariaDB,https://mariadb.com/kb/en/documentation/,https://mariadb.com/kb/en/connectors/,https://github.com/MariaDB/server,"Multiple storage engines: InnoDB, Aria, ColumnStore, MyRocks","Knowledge Base, exportable",The MySQL fork with the more open governance. Storage-engine variety makes it instructive.
1. Relational databases — open source,SQLite,https://www.sqlite.org/docs.html,https://www.sqlite.org/c3ref/intro.html,https://github.com/sqlite/sqlite,Amalgamation build — the entire database as one C file,Complete docs downloadable as a single archive; source amalgamation too,The most deployed database in the world and among the most readable. See `arch.html` for the architecture overview and `whyc.html` for the design rationale.
1. Relational databases — open source,SQLite architecture,https://www.sqlite.org/arch.html,https://www.sqlite.org/whyc.html,https://github.com/sqlite/sqlite,"VDBE, pager, B-tree — each layer documented separately",Online,Read `arch.html` before the source. It saves days.
1. Relational databases — open source,CockroachDB,https://www.cockroachlabs.com/docs/,https://www.cockroachlabs.com/docs/stable/sql-feature-support,https://github.com/cockroachdb/cockroach,PostgreSQL wire-compatible; Raft-based distribution,Docs site + in-repo RFCs,The `docs/RFCS/` directory in the repo is an exceptional record of distributed-SQL design decisions.
1. Relational databases — open source,YugabyteDB,https://docs.yugabyte.com/,https://docs.yugabyte.com/preview/api/,https://github.com/yugabyte/yugabyte-db,PostgreSQL-compatible SQL layer over a distributed store; Cassandra-compatible API too,Docs site,Reuses the actual PostgreSQL query layer — interesting as an architectural choice.
1. Relational databases — open source,TiDB,https://docs.pingcap.com/tidb/stable,https://docs.pingcap.com/tidb/stable/dev-guide-overview,https://github.com/pingcap/tidb,MySQL-compatible; TiKV storage layer is a separate readable project,Docs site; PingCAP publishes extensive design blogs,"PingCAP's engineering writing, and `awesome-database-learning`, are among the best free distributed-database education."
2. Relational databases — commercial,Oracle Database,https://docs.oracle.com/en/database/,https://www.oracle.com/database/technologies/,—,"OCI, JDBC, ODP.NET, python-oracledb",Full documentation library downloadable per release,The Concepts guide is genuinely good and free; worth reading regardless of what you run.
2. Relational databases — commercial,Microsoft SQL Server,https://learn.microsoft.com/en-us/sql/,https://learn.microsoft.com/en-us/sql/connect/,https://github.com/MicrosoftDocs/sql-docs,Drivers for most languages; T-SQL reference,Microsoft Learn offers offline/PDF export,Documentation is open-source on GitHub — you can file issues against it.
2. Relational databases — commercial,Google Cloud Spanner,https://cloud.google.com/spanner/docs,https://cloud.google.com/spanner/docs/reference/rest,—,Client libraries in all major languages,Docs site; the Spanner papers are free PDFs,Read the 2012 OSDI paper and the 2017 SIGMOD paper together — external consistency via TrueTime is the central idea.
2. Relational databases — commercial,IBM Db2,https://www.ibm.com/docs/en/db2,https://www.ibm.com/docs/en/db2,—,"CLI, JDBC, pureQuery",IBM Docs supports PDF export,IBM Docs 403s to automated clients; loads normally in a browser.
3. Analytical & columnar engines,DuckDB,https://duckdb.org/docs/,https://duckdb.org/docs/stable/clients/overview,https://github.com/duckdb/duckdb,"In-process analytics; Python, R, C++, WASM, CLI",Docs downloadable; single-binary distribution,The SQLite of analytics. Also an unusually readable modern vectorized engine.
3. Analytical & columnar engines,ClickHouse,https://clickhouse.com/docs,https://clickhouse.com/docs/en/interfaces,https://github.com/ClickHouse/ClickHouse,HTTP and native protocols; clients everywhere,Docs site; repo cloneable,Extremely fast columnar OLAP. The source is a good study of vectorized execution and compression.
3. Analytical & columnar engines,Apache Druid,https://druid.apache.org/docs/latest/,https://druid.apache.org/docs/latest/api-reference/,https://github.com/apache/druid,Real-time analytics with sub-second queries over streams,Docs site,
3. Analytical & columnar engines,Apache Pinot,https://docs.pinot.apache.org/,https://docs.pinot.apache.org/users/api,https://github.com/apache/pinot,"Low-latency OLAP serving, LinkedIn origin",Docs site,
3. Analytical & columnar engines,Snowflake,https://docs.snowflake.com/,https://docs.snowflake.com/en/developer,—,"Snowpark, connectors, SQL REST API",Docs site,The 2016 SIGMOD paper on the architecture is the best explanation of storage/compute separation.
3. Analytical & columnar engines,Google BigQuery,https://cloud.google.com/bigquery/docs,https://cloud.google.com/bigquery/docs/reference,—,Client libraries; Storage Read API,Docs site,Dremel's descendant; the Dremel paper is still the key reading.
3. Analytical & columnar engines,Amazon Redshift,https://docs.aws.amazon.com/redshift/,https://docs.aws.amazon.com/redshift/latest/APIReference/,—,"JDBC/ODBC, Data API",AWS docs downloadable as PDF per guide,
3. Analytical & columnar engines,Databricks,https://docs.databricks.com/,https://docs.databricks.com/api/workspace/introduction,—,"Spark, Delta Lake, Unity Catalog",Docs site,
4. Storage engines & embedded key-value stores,RocksDB,https://rocksdb.org/docs/getting-started.html,https://github.com/facebook/rocksdb/wiki,https://github.com/facebook/rocksdb,"C++, Java, Rust, Go bindings; used inside dozens of other databases",Wiki is the real documentation and it is extensive,The LSM-tree implementation most systems build on. The wiki's tuning guide is a distributed-systems education in itself.
4. Storage engines & embedded key-value stores,LevelDB,https://github.com/google/leveldb,—,https://github.com/google/leveldb,The original compact LSM store from Google,In-repo docs,Small enough to read completely. Read before RocksDB.
4. Storage engines & embedded key-value stores,LMDB,http://www.lmdb.tech/doc/,http://www.lmdb.tech/doc/,https://github.com/LMDB/lmdb,"Memory-mapped B+tree with MVCC, single writer",Doxygen docs,"The counterpoint to LSM trees. ~10k lines, copy-on-write B+tree."
4. Storage engines & embedded key-value stores,WiredTiger,https://source.wiredtiger.com/,https://source.wiredtiger.com/,https://github.com/wiredtiger/wiredtiger,MongoDB's storage engine; both B-tree and LSM modes,Docs site,
4. Storage engines & embedded key-value stores,Apache Arrow,https://arrow.apache.org/docs/,https://arrow.apache.org/docs/format/Columnar.html,https://github.com/apache/arrow,In-memory columnar standard; implementations in 12+ languages,Docs site; format spec separately,The columnar format spec is short and worth reading directly — it underpins most modern analytics.
4. Storage engines & embedded key-value stores,Apache Parquet,https://parquet.apache.org/docs/,https://parquet.apache.org/docs/file-format/,https://github.com/apache/parquet-format,The on-disk columnar format; encodings and statistics documented in the spec,Spec in-repo,Read the encoding section — dictionary and RLE encoding explain most of the compression wins.
4. Storage engines & embedded key-value stores,Apache ORC,https://orc.apache.org/docs/,https://orc.apache.org/specification/,https://github.com/apache/orc,Columnar format from the Hive lineage,Spec online,
5. Lakehouse table formats,Apache Iceberg,https://iceberg.apache.org/docs/latest/,https://iceberg.apache.org/spec/,https://github.com/apache/iceberg,"Java, Python, Rust, Go implementations; REST catalog spec",Table spec is a single readable document,Currently the de facto open table format. Read the spec — snapshot isolation over object storage is the whole trick.
5. Lakehouse table formats,Delta Lake,https://docs.delta.io/latest/index.html,https://github.com/delta-io/delta/blob/master/PROTOCOL.md,https://github.com/delta-io/delta,Spark-native plus delta-rs for Rust/Python,Protocol document in-repo,The transaction log protocol is the thing to read.
5. Lakehouse table formats,Apache Hudi,https://hudi.apache.org/docs/overview,https://hudi.apache.org/docs/quick-start-guide,https://github.com/apache/hudi,Copy-on-write and merge-on-read tables,Docs site,
6. Reference material & tooling,"Use The Index, Luke",https://use-the-index-luke.com/,https://use-the-index-luke.com/,—,"SQL indexing explained for developers, across five database engines",Free online; book available,The single most useful practical resource on indexing. Most query performance problems end here.
6. Reference material & tooling,Modern SQL,https://modern-sql.com/,https://modern-sql.com/,—,"What SQL has gained since 1992 — window functions, CTEs, JSON, MATCH_RECOGNIZE",Online,"Same author as Use The Index, Luke. Corrects the assumption that SQL stopped evolving."
6. Reference material & tooling,PostgreSQL Exercises,https://pgexercises.com/,https://pgexercises.com/,—,Graded SQL exercises against a real schema,Online,
6. Reference material & tooling,explain.depesz.com,https://explain.depesz.com/,https://explain.depesz.com/,—,Makes PostgreSQL EXPLAIN output readable,Web tool,
6. Reference material & tooling,SQL Style Guide,https://www.sqlstyle.guide/,https://www.sqlstyle.guide/,—,Consistent SQL formatting conventions,Online,
6. Reference material & tooling,DB-Engines Ranking,https://db-engines.com/en/ranking,https://db-engines.com/en/ranking,—,Popularity tracking across 400+ systems,Web,"Methodology is popularity-based, not technical. Useful for trends, not for selection."
"7. Query engines, streaming and the surrounding ecosystem",Apache DataFusion,https://datafusion.apache.org/,https://docs.rs/datafusion,https://github.com/apache/datafusion,Extensible query engine in Rust built on Arrow; used as a component inside other databases,Docs site,The easiest modern query engine to read and embed. Good entry point to vectorized execution in Rust.
"7. Query engines, streaming and the surrounding ecosystem",Apache Calcite,https://calcite.apache.org/docs/,https://calcite.apache.org/javadocAggregate/,https://github.com/apache/calcite,"SQL parser, planner and cost-based optimizer as a reusable library",Docs site,"Used by Flink, Druid, Hive and others. The rule-based optimizer is the part worth studying."
"7. Query engines, streaming and the surrounding ecosystem",Trino,https://trino.io/docs/current/,https://trino.io/docs/current/develop.html,https://github.com/trinodb/trino,Distributed SQL over many data sources; connector SPI,Docs per version,The Presto fork that most of the community moved to. The connector architecture is well documented.
"7. Query engines, streaming and the surrounding ecosystem",Polars,https://docs.pola.rs/,https://docs.pola.rs/api/python/stable/reference/,https://github.com/pola-rs/polars,Arrow-backed DataFrame library in Rust with Python bindings; lazy query optimization,Docs site,Shows query-optimizer ideas applied to DataFrames. Faster than pandas and architecturally more interesting.
"7. Query engines, streaming and the surrounding ecosystem",Materialize,https://materialize.com/docs/,https://materialize.com/docs/,https://github.com/MaterializeInc/materialize,"Incremental view maintenance over streams, built on timely/differential dataflow",Docs site,Differential dataflow is one of the genuinely novel ideas in this space. Worth reading even if you never deploy it.
"7. Query engines, streaming and the surrounding ecosystem",RisingWave,https://docs.risingwave.com/,https://docs.risingwave.com/,https://github.com/risingwavelabs/risingwave,Streaming database with PostgreSQL wire compatibility,Docs site,
"7. Query engines, streaming and the surrounding ecosystem",Debezium,https://debezium.io/documentation/,https://debezium.io/documentation/reference/stable/,https://github.com/debezium/debezium,Change data capture from databases into Kafka,Docs per version,The connector internals teach you a lot about how replication logs actually work in each database.
"7. Query engines, streaming and the surrounding ecosystem",Vitess,https://vitess.io/docs/,https://vitess.io/docs/reference/,https://github.com/vitessio/vitess,"Horizontal sharding middleware for MySQL, built at YouTube",Docs site,The reference implementation of sharding a single-node database without rewriting it.
"7. Query engines, streaming and the surrounding ecosystem",pgvector,https://github.com/pgvector/pgvector,https://github.com/pgvector/pgvector,https://github.com/pgvector/pgvector,Vector similarity search as a PostgreSQL extension,In-repo docs,"Readable C, and a good example of how PostgreSQL’s extension and index APIs work."
"7. Query engines, streaming and the surrounding ecosystem",SQLGlot,https://github.com/tobymao/sqlglot,https://sqlglot.com/,https://github.com/tobymao/sqlglot,"SQL parser, transpiler and optimizer in pure Python across 20+ dialects",Docs site,A readable SQL parser and optimizer you can actually step through in a debugger.
8. Research papers & open-access literature,arXiv,https://arxiv.org/,https://info.arxiv.org/help/api/index.html,—,"Preprints across all of CS; most systems, ML and PL work appears here before publication",Every paper is a free PDF. Bulk access documented at https://info.arxiv.org/help/bulk_data/index.html; a full-text API at export.arxiv.org,"Not peer-reviewed. Treat an arXiv-only paper as a claim, not a result — but it is where you will read almost everything first."
8. Research papers & open-access literature,ar5iv,https://ar5iv.labs.arxiv.org/,—,—,Renders any arXiv paper as responsive HTML instead of PDF,Free; swap `arxiv.org/abs/ID` for `ar5iv.labs.arxiv.org/html/ID`,Makes papers readable on a phone and searchable in-page. Underused.
8. Research papers & open-access literature,alphaXiv,https://www.alphaxiv.org/,—,—,arXiv papers with a public comment and discussion layer,Free,Useful when a paper is contested — the discussion often contains the critique you were looking for.
8. Research papers & open-access literature,Semantic Scholar,https://www.semanticscholar.org/,https://api.semanticscholar.org/graph/v1,—,"200M+ papers with citation graph, influential-citation scoring and TLDR summaries","Free Graph API (https://www.semanticscholar.org/product/api), bulk datasets available on request",The best free citation graph. 'Highly influential citations' is a genuinely useful filter for finding what actually mattered.
8. Research papers & open-access literature,OpenAlex,https://openalex.org/,https://api.openalex.org/works,—,"Fully open catalogue of works, authors, venues and institutions; successor to Microsoft Academic Graph",Entirely free API with no key required; complete database snapshots downloadable,"The only large-scale bibliographic database that is open all the way down, including bulk snapshots."
8. Research papers & open-access literature,DBLP,https://dblp.org/,https://dblp.org/faq/13501473.html,—,Authoritative CS bibliography — complete author and venue listings,Free; full XML dump downloadable,"The fastest way to find everything a given researcher has published, and to see a conference's full programme by year."
8. Research papers & open-access literature,OpenReview,https://openreview.net/,https://docs.openreview.net/,https://github.com/openreview,"ICLR, NeurIPS, COLM and dozens of other venues — papers plus the full review threads",Free; REST API,Reading the reviews and author rebuttals teaches you how the field evaluates work. Nothing else exposes this.
8. Research papers & open-access literature,CORE,https://core.ac.uk/,https://core.ac.uk/services/api,—,Aggregates 300M+ open-access papers from repositories worldwide,Free API and bulk datasets,Good for finding the green open-access copy when a publisher's version is paywalled.
8. Research papers & open-access literature,Unpaywall,https://unpaywall.org/,https://api.unpaywall.org/,—,Finds legal free copies of paywalled papers via DOI,Free API; browser extension,"Legal, author-deposited copies only. Install the extension and most paywalls simply stop appearing."
8. Research papers & open-access literature,Papers We Love,https://paperswelove.org/,—,https://github.com/papers-we-love/papers-we-love,"A curated, categorised repository of classic CS papers with local meetup talks",Repo cloneable; many PDFs mirrored in-repo,The best starting point if you do not yet know which papers matter in a subfield.
8. Research papers & open-access literature,The Morning Paper (archive),https://blog.acolyer.org/,—,—,"Adrian Colyer's daily paper summaries, 2014-2021","Free archive, still online","No longer updated, but the back catalogue of ~1000 summarised papers is one of the great free CS resources."
8. Research papers & open-access literature,USENIX Proceedings,https://www.usenix.org/publications/proceedings,—,—,"OSDI, SOSP (co-published), NSDI, ATC, FAST, Security — the core systems venues","Every paper free, immediately, with no membership. Often with recorded talks","USENIX made everything open access years before the rest of the field. If a systems paper exists, check here first."
8. Research papers & open-access literature,ACM Digital Library,https://dl.acm.org/,—,—,"SIGMOD, ASPLOS, PLDI, POPL, SoCC and the ACM journals",Partly open: ACM Open and author-paid OA papers are free; others are paywalled,"403s to automated clients; loads in a browser. For paywalled items, check arXiv, the author's homepage or Unpaywall first — the free copy usually exists."
8. Research papers & open-access literature,IEEE Xplore,https://ieeexplore.ieee.org/,—,—,"ISCA, MICRO, HPCA and the IEEE journals",Mostly paywalled; abstracts free,Almost always worth searching the author's page or arXiv instead. Architecture authors in particular post preprints widely.
8. Research papers & open-access literature,DROPS / LIPIcs (Dagstuhl),https://drops.dagstuhl.de/,—,—,"ECOOP, ITP, CONCUR, SAT and many theory venues","100% open access, free PDFs, Creative Commons licensed","A fully open publisher. Every paper, always free, no exceptions."
8. Research papers & open-access literature,arXiv cs.DB (Databases),https://arxiv.org/list/cs.DB/recent,—,—,Database preprints,Free,Most PVLDB submissions appear here first.
8. Research papers & open-access literature,PVLDB,https://www.vldb.org/pvldb/,—,—,Proceedings of the VLDB Endowment — the main database venue,"100% open access, every volume, free PDFs",Fully open since inception. The single best free database paper archive.
8. Research papers & open-access literature,CIDR,https://www.cidrdb.org/,—,—,"Conference on Innovative Data Systems Research — biennial, visionary, short papers",All papers free,Often the most interesting reading of the three main venues. Industry systems get described here first.
8. Research papers & open-access literature,ACM SIGMOD,https://sigmod.org/,—,—,The other flagship database venue,Proceedings via ACM DL; many authors post preprints,Check arXiv or the author's page before hitting the ACM paywall.
8. Research papers & open-access literature,Database of Databases (dbdb.io),https://dbdb.io/,—,https://github.com/cmu-db/dbdb.io,A catalogue of 1000+ database systems with their architectural properties and references,Free; data in the repo,"CMU-maintained. Filter by storage model, concurrency control or query interface to find comparable systems fast."
8. Research papers & open-access literature,The Red Book,http://www.redbook.io/,—,—,"Readings in Database Systems, 5th edition — classic papers with editorial commentary",Free online,Stonebraker and Hellerstein telling you why each paper mattered. Read the commentary even if you skip the papers.
Education — Basic,CMU 15-445 Database Systems,https://15445.courses.cs.cmu.edu/,,,The course to do first,,"Andy Pavlo's undergraduate course. Full video lectures, slides, and C++ projects where you build a buffer pool, B+tree, query executor and concurrency control. Free and complete — better than most paid programmes."
Education — Basic,CMU Database Group YouTube,https://www.youtube.com/@CMUDatabaseGroup,,,The course to do first,,"Every lecture, plus the seminar series where real system architects explain their designs."
Education — Basic,db.cs.cmu.edu,https://db.cs.cmu.edu/,,,The course to do first,,"The group's hub: courses, seminars, the Database of Databases."
Education — Basic,Berkeley CS186,https://cs186berkeley.net/,,,The course to do first,,"The other strong public undergraduate course. Different emphasis, good second pass."
Education — Basic,"Use The Index, Luke",https://use-the-index-luke.com/,,,Foundations worth the time,,Learn indexing properly before learning anything else about performance.
Education — Basic,Modern SQL,https://modern-sql.com/,,,Foundations worth the time,,Window functions and CTEs will change how you write queries.
Education — Basic,PostgreSQL Exercises,https://pgexercises.com/,,,Foundations worth the time,,Practise against a real schema with immediate feedback.
Education — Basic,SQL Style Guide,https://www.sqlstyle.guide/,,,Foundations worth the time,,Short. Adopt it and stop arguing about formatting.
Education — Basic,SQLite architecture overview,https://www.sqlite.org/arch.html,,,Start with a readable system,,"Short, precise, and describes a complete database. The best first look inside one."
Education — Basic,Why SQLite is written in C,https://www.sqlite.org/whyc.html,,,Start with a readable system,,Engineering rationale stated plainly. Instructive about trade-offs.
Education — Basic,SQLite source,https://github.com/sqlite/sqlite,,,Start with a readable system,,"Approachable, heavily commented, heavily tested."
Education — Basic,DuckDB docs,https://duckdb.org/docs/,,,Start with a readable system,,Install in one line and have a modern vectorized engine on your laptop.
Education — Basic,PostgreSQL manual,https://www.postgresql.org/docs/current/,,,The reference documentation to learn to navigate,,The gold standard. Learn its structure; you will return for years.
Education — Basic,MySQL reference manual,https://dev.mysql.com/doc/,,,The reference documentation to learn to navigate,,Specifically the InnoDB chapters.
Education — Basic,SQLite documentation,https://www.sqlite.org/docs.html,,,The reference documentation to learn to navigate,,Unusually complete for a project of its size.
Education — Basic,databass.dev,https://databass.dev/,,,Build intuition about systems,,"Companion site to Database Internals — storage engines and distributed systems, clearly explained."
Education — Basic,Designing Data-Intensive Applications,https://dataintensive.net/,,,Build intuition about systems,,"Kleppmann's book. The chapters on replication, partitioning and consistency are the standard shared reference."
Education — Basic,The Red Book (Readings in Database Systems),http://www.redbook.io/,,,Build intuition about systems,,"Curated classic papers with editorial commentary. Free online, 5th edition."
Education — Basic,Papers We Love,https://paperswelove.org/,,,Finding and reading papers,,"Start here when you do not yet know which papers matter. Curated by subfield, with recorded talks."
Education — Basic,The Morning Paper archive,https://blog.acolyer.org/,,,Finding and reading papers,,Around a thousand papers summarised in plain language. No longer updated; still one of the best free CS resources.
Education — Basic,Semantic Scholar,https://www.semanticscholar.org/,,,Finding and reading papers,,Free citation graph. The 'highly influential citations' filter is the fastest way to find what a paper actually changed.
Education — Basic,Unpaywall,https://unpaywall.org/,,,Finding and reading papers,,"Install the extension. Most paywalls stop appearing, legally, because the author deposited a copy."
Education — Basic,ar5iv,https://ar5iv.labs.arxiv.org/,,,Finding and reading papers,,Read any arXiv paper as HTML instead of a two-column PDF. Swap arxiv.org/abs for ar5iv.labs.arxiv.org/html.
Education — Advanced,CMU 15-721 Advanced Database Systems,https://15721.courses.cs.cmu.edu/,,,Graduate coursework,,"In-memory, columnar, vectorized and compiled query execution. Paper-driven, all video online. The best advanced database course available free."
Education — Advanced,CMU 15-445,https://15445.courses.cs.cmu.edu/,,,Graduate coursework,,Do the projects even if you only watch 15-721. The implementation work is where the learning is.
Education — Advanced,CMU Database Group seminar series,https://www.youtube.com/@CMUDatabaseGroup,,,Graduate coursework,,"Architects of real systems explaining their internals — Snowflake, DuckDB, TiDB and dozens more."
Education — Advanced,Berkeley CS186,https://cs186berkeley.net/,,,Graduate coursework,,Public projects with a solid concurrency-control component.
Education — Advanced,DuckDB source,https://github.com/duckdb/duckdb,,,Query processing & optimization,,Modern vectorized execution in readable C++. The best codebase to study push-based execution.
Education — Advanced,ClickHouse source,https://github.com/ClickHouse/ClickHouse,,,Query processing & optimization,,Extreme-performance columnar execution; aggressive specialization everywhere.
Education — Advanced,Apache Arrow columnar spec,https://arrow.apache.org/docs/format/Columnar.html,,,Query processing & optimization,,Short spec that explains why everything in analytics converged on this layout.
Education — Advanced,Parquet format spec,https://parquet.apache.org/docs/file-format/,,,Query processing & optimization,,"Encodings, statistics, predicate pushdown — all in one document."
Education — Advanced,Apache Calcite,https://calcite.apache.org/docs/,,,Query processing & optimization,,Cost-based optimization as a reusable component. Read the rule system.
Education — Advanced,RocksDB wiki,https://github.com/facebook/rocksdb/wiki,,,Storage engines,,"LSM compaction strategies, write stalls, tuning. Deeper than most textbooks."
Education — Advanced,RocksDB source,https://github.com/facebook/rocksdb,,,Storage engines,,The reference LSM implementation.
Education — Advanced,LevelDB,https://github.com/google/leveldb,,,Storage engines,,"Read this first — same ideas, a fraction of the code."
Education — Advanced,LMDB,http://www.lmdb.tech/doc/,,,Storage engines,,Copy-on-write B+tree with MVCC. The intellectual opposite of LSM; study both.
Education — Advanced,WiredTiger,https://source.wiredtiger.com/,,,Storage engines,,"B-tree and LSM in one engine, in production under MongoDB."
Education — Advanced,databass.dev,https://databass.dev/,,,Storage engines,,Ties the storage-engine literature together coherently.
Education — Advanced,CockroachDB RFCs,https://github.com/cockroachdb/cockroach,,,"Transactions, concurrency & distributed SQL",,The `docs/RFCS/` directory records real distributed-SQL design arguments in detail. Rare and valuable.
Education — Advanced,TiDB,https://github.com/pingcap/tidb,,,"Transactions, concurrency & distributed SQL",,Percolator-style transactions over a separate TiKV storage layer.
Education — Advanced,awesome-database-learning,https://github.com/pingcap/awesome-database-learning,,,"Transactions, concurrency & distributed SQL",,"PingCAP's curated path through papers, courses and source. Excellent."
Education — Advanced,YugabyteDB,https://github.com/yugabyte/yugabyte-db,,,"Transactions, concurrency & distributed SQL",,Reuses PostgreSQL's query layer over a distributed store.
Education — Advanced,Cloud Spanner docs,https://cloud.google.com/spanner/docs,,,"Transactions, concurrency & distributed SQL",,"TrueTime and external consistency, documented by the people who shipped it."
Education — Advanced,Designing Data-Intensive Applications,https://dataintensive.net/,,,"Transactions, concurrency & distributed SQL",,Chapter 7 and 9 on transactions and consistency remain the clearest treatment.
Education — Advanced,Apache Iceberg spec,https://iceberg.apache.org/spec/,,,Lakehouse & modern data architecture,,"Read the spec, not the marketing. Snapshot isolation over object storage."
Education — Advanced,Delta Lake protocol,https://github.com/delta-io/delta/blob/master/PROTOCOL.md,,,Lakehouse & modern data architecture,,"The transaction log design, stated precisely."
Education — Advanced,Apache Hudi,https://hudi.apache.org/docs/overview,,,Lakehouse & modern data architecture,,Copy-on-write versus merge-on-read trade-offs.
Education — Advanced,Snowflake docs,https://docs.snowflake.com/,,,Lakehouse & modern data architecture,,Separation of storage and compute as realised commercially.
Education — Advanced,The Red Book,http://www.redbook.io/,,,Papers & research venues,,Start here. Classic papers with commentary explaining why each mattered.
Education — Advanced,VLDB / PVLDB,https://www.vldb.org/pvldb/,,,Papers & research venues,,All papers free. The main database research venue.
Education — Advanced,ACM SIGMOD,https://dl.acm.org/conference/sigmod,,,Papers & research venues,,"The other main venue. ACM DL 403s to bots; accessible in a browser, and most papers are also on authors' pages."
Education — Advanced,CIDR,https://www.cidrdb.org/,,,Papers & research venues,,"Biennial, visionary, short papers. Often the most interesting reading of the three."
Education — Advanced,awesome-database-learning,https://github.com/pingcap/awesome-database-learning,,,Papers & research venues,,Also a good paper index organised by subsystem.
