Category,Name,Documentation,Developer / API portal,Source / GitHub,SDKs & notable repos,Downloadable / offline docs,Notes
1. Linux filesystems,ext4,https://docs.kernel.org/filesystems/ext4/,https://git.kernel.org/pub/scm/fs/ext2/e2fsprogs.git/,https://github.com/torvalds/linux/tree/master/fs/ext4,"tune2fs, dumpe2fs, debugfs, e2fsck — the userland toolbox every rescue story uses","Kernel docs build from source (`make htmldocs`); ext4(5) man page",The default Linux filesystem. Read the journal and delayed-allocation docs once — most slow-disk interview questions end here.
1. Linux filesystems,XFS,https://docs.kernel.org/filesystems/xfs/,https://git.kernel.org/pub/scm/fs/xfs/xfsprogs-dev.git/,https://github.com/torvalds/linux/tree/master/fs/xfs,"xfs_admin, xfs_repair, xfs_bmap, xfs_io — xfs_io alone teaches you the syscall surface",Kernel docs + xfsprogs man pages,The scale-out workhorse: huge files and filesystems with rock-solid repair tooling. Default on RHEL for a reason.
1. Linux filesystems,Btrfs,https://btrfs.readthedocs.io/en/latest/,https://btrfs.readthedocs.io/en/latest/,https://github.com/kdave/btrfs-progs,btrfs-progs; kernel tree under fs/btrfs,Sphinx docs + btrfs(8) and btrfs-send(8) man pages,"Copy-on-write with checksums, snapshots and send/receive in the mainline kernel. RAID5/6 reputation is historical but still interview-bait."
1. Linux filesystems,F2FS,https://docs.kernel.org/filesystems/f2fs.html,https://git.kernel.org/pub/scm/linux/kernel/git/jaegeuk/f2fs-tools.git/,https://github.com/torvalds/linux/tree/master/fs/f2fs,f2fs-tools (mkfs.f2fs),Kernel doc + man pages,"Samsung's flash-friendly filesystem: log-structured where it helps, aware of FTL behaviour. The answer to designing for SSD/eMMC."
1. Linux filesystems,bcachefs,https://bcachefs.org/,https://bcachefs.org/,https://github.com/koverstreet/bcachefs,bcachefs-tools — format — mount — multi-device management,Online docs; man pages with the tools,"Copy-on-write with full journaling, erasure coding and caching, descended from bcache. Young and still churning."
1. Linux filesystems,overlayfs,https://docs.kernel.org/filesystems/overlayfs.html,https://docs.kernel.org/filesystems/overlayfs.html,https://github.com/torvalds/linux/tree/master/fs/overlayfs,upperdir/lowerdir/merged — the mechanism under every container image layer,Kernel doc,Read the redirect model (upper vs lower and copy-up) and container image layers stop being mysterious.
1. Linux filesystems,tmpfs,https://docs.kernel.org/filesystems/tmpfs.html,https://docs.kernel.org/filesystems/tmpfs.html,https://github.com/torvalds/linux/tree/master/mm/shmem.c,RAM-backed and swap-backed; /dev/shm; size= mount option,Kernel doc + mount(8),Files count against memory and swap — not disk. The classic why-did-my-container-OOM-on-/tmp question.
1. Linux filesystems,squashfs,https://docs.kernel.org/filesystems/squashfs.html,https://github.com/plougher/squashfs-tools,https://github.com/plougher/squashfs-tools,mksquashfs and unsquashfs — inside Live ISOs — container base images — embedded firmware,Compress a whole root filesystem into one read-only image,"Read-only and highly compressed. Pair with overlayfs when you need writability on top."
1. Linux filesystems,exFAT,https://github.com/exfatprogs/exfatprogs,https://github.com/exfatprogs/exfatprogs,https://github.com/torvalds/linux/tree/master/fs/exfat,The interop filesystem for SD cards and USB drives,Kernel doc + mount(8),"No journal, no POSIX permissions, no extended attributes. Know why you are using it — spec in category 8."
1. Linux filesystems,NFS,https://nfs.sourceforge.net/,https://docs.kernel.org/filesystems/nfs/,https://github.com/torvalds/linux/tree/master/fs/nfs,nfs-utils — mountd — exportfs — showmount,HOWTO + exports(5) and nfs(5) man pages,"The network filesystem you will actually be asked about. v3 stateless vs v4 stateful is a standing interview question."
2. ZFS family,OpenZFS documentation,https://openzfs.github.io/openzfs-docs/,https://openzfs.github.io/openzfs-docs/,https://github.com/openzfs/zfs,zfs/zpool/zed CLIs; zfs(8) and zpool(8) man pages,Full docs site plus man pages ship with distribution packages,"The vocabulary factory: CoW, checksums, snapshots, send/recv, RAID-Z, ARC/L2ARC/ZIL/SLOG."
2. ZFS family,OpenZFS source,https://github.com/openzfs/zfs,https://github.com/openzfs/zfs,https://github.com/openzfs/zfs,One codebase on two platforms: Linux and FreeBSD; module + userland split,In-repo man pages,CDDL-licensed — which is why it never merged into mainline Linux. See the honest notes.
2. ZFS family,ZFSBootMenu,https://zfsbootmenu.org/,https://zfsbootmenu.org/,https://github.com/zbm-dev/zfsbootmenu,Boot environments as a system-rollback mechanism,Online docs,Snapshots you can boot — the clearest demonstration of what boot environments buy you.
2. ZFS family,ZFS on FreeBSD,https://docs.freebsd.org/en/books/handbook/zfs/,https://docs.freebsd.org/en/books/handbook/,https://github.com/freebsd/freebsd-src,The ZFS chapter of the FreeBSD Handbook,Handbook as HTML/PDF/EPUB,FreeBSD ships OpenZFS in the base system; the Handbook's ZFS chapter is the clearest operator guide anywhere.
3. Distributed & parallel filesystems,Ceph,https://docs.ceph.com/en/latest/,https://docs.ceph.com/en/latest/dev/developer_guide/,https://github.com/ceph/ceph,"RADOS, RBD, CephFS, RGW; librados/librbd bindings in C++, Python, Go",Versioned docs per release; ceph CLI help is a doc set of its own,"The unified storage platform: block, object and POSIX file over one RADOS cluster. Pin docs to /en/latest — version-scoped URLs rot."
3. Distributed & parallel filesystems,Ceph source,https://github.com/ceph/ceph,https://github.com/ceph/ceph,https://github.com/ceph/ceph,CRUSH placement and BlueStore object store — the two reading targets,In-repo docs,CRUSH is the interview topic: consistent hashing's smarter crush-map-aware cousin.
3. Distributed & parallel filesystems,GlusterFS,https://docs.gluster.org/,https://docs.gluster.org/,https://github.com/gluster/glusterfs,Translator architecture; brick/volume model; FUSE-mounted,Versioned administration guides,Userspace distributed filesystem with humbler and more legible ambitions than Ceph.
3. Distributed & parallel filesystems,Lustre,https://lustre.org/documentation/,https://wiki.lustre.org/,https://git.whamcloud.com/?p=fs/lustre-release.git,MGS/MDS/MDT/OSS/OST vocabulary — the HPC workhorse behind most Top500 scratch filesystems,Operations manuals per release,Where exascale computing keeps its bytes. Read for the metadata-server vs object-storage-target split.
3. Distributed & parallel filesystems,BeeGFS,https://www.beegfs.io/,https://www.beegfs.io/,—,Metadata targets + storage targets; container-based quickstart,Online docs per version,"Parallel filesystem with a transparent, well-documented architecture — the easiest parallel FS to stand up in a lab."
3. Distributed & parallel filesystems,SeaweedFS,https://github.com/seaweedfs/seaweedfs,https://github.com/seaweedfs/seaweedfs/wiki,https://github.com/seaweedfs/seaweedfs,"Filer, FUSE mount, S3 gateway, volume servers; inspired by Facebook's Haystack paper",In-repo wiki,O(1) disk reads for billions of small files — the Haystack idea implemented and running.
3. Distributed & parallel filesystems,JuiceFS,https://juicefs.com/docs/,https://juicefs.com/docs/,https://github.com/juicedata/juicefs,"Metadata engine (Redis/TiKV/SQL) + object storage = POSIX filesystem; CSI driver for Kubernetes",Online docs,The cloud-native equation in one product: metadata service plus dumb object store equals a real filesystem.
3. Distributed & parallel filesystems,Garage,https://garagehq.deuxfleurs.fr/,https://garagehq.deuxfleurs.fr/documentation/reference-manual/,https://git.deuxfleurs.fr/Deuxfleurs/garage,S3-compatible — geo-distributed — self-hostable — Rust,Online book,Small-scale multi-site S3 with an unusually honest design doc about quorum and consistency trade-offs.
3. Distributed & parallel filesystems,HDFS,https://hadoop.apache.org/docs/stable/,https://hadoop.apache.org/docs/stable/,https://github.com/apache/hadoop,NameNode/DataNode — 128 MB blocks — replication — rack awareness — WebHDFS REST,Full docs per release,The granddaddy. The HDFS Architecture page is still the best introduction to block-replicated distributed filesystems.
4. Object storage & the S3 ecosystem,MinIO,https://min.io/docs/minio/linux/index.html,https://min.io/docs/minio/linux/index.html,https://github.com/minio/minio,mc client (github.com/minio/mc); S3-compatible API in a single Go binary,Single-binary deployment; docs online,The fastest way to develop against an S3 dialect without a cloud account.
4. Object storage & the S3 ecosystem,Ceph RADOS Gateway (RGW),https://docs.ceph.com/en/latest/radosgw/,https://docs.ceph.com/en/latest/radosgw/,https://github.com/ceph/ceph,S3- and Swift-compatible gateways backed by RADOS,Versioned docs,When your Ceph cluster needs to speak S3. Read next to the MinIO docs to compare gateway designs.
4. Object storage & the S3 ecosystem,SeaweedFS S3 gateway,https://github.com/seaweedfs/seaweedfs,https://github.com/seaweedfs/seaweedfs,https://github.com/seaweedfs/seaweedfs,S3-compatible gateway on the filer; buckets over volume servers,In-repo docs,Cross-reference — the main entry is in category 3. Read alongside B2 and MinIO to compare S3 dialects.
4. Object storage & the S3 ecosystem,Backblaze B2,https://www.backblaze.com/b2/docs/,https://www.backblaze.com/b2/docs/,—,B2_Command_Line_Tool (github.com/Backblaze/B2_Command_Line_Tool); S3-compatible endpoint,Online docs,Cheap cloud object storage with a real spec. Their Drive Stats reports are the best public disk-failure data.
4. Object storage & the S3 ecosystem,rclone,https://rclone.org/docs/,https://rclone.org/rc/,https://github.com/rclone/rclone,"40+ backends; rclone serve s3/webdav; rsync semantics for the cloud",Man page + full online docs,"The universal object-storage adapter. Its per-provider pages document exactly how each S3 dialect differs."
4. Object storage & the S3 ecosystem,Amazon S3,https://docs.aws.amazon.com/s3/,https://docs.aws.amazon.com/s3/,—,"aws-cli, boto3, aws-sdk-* — the API everyone else copies",AWS docs support per-section offline/PDF export,"The de facto standard. Versioning, lifecycle rules, storage classes and consistency semantics are the interview canon."
"5. Block, volume & device layers",LVM2,https://sourceware.org/lvm2/,https://sourceware.org/lvm2/,https://sourceware.org/git/?p=lvm2.git,"pvcreate/vgcreate/lvcreate; snapshots, thin provisioning, stripes, mirrors",lvm(8) and lvmthin(7) man pages,The volume layer every sysadmin interview assumes. Do one pv→vg→lv walkthrough by hand.
"5. Block, volume & device layers",device-mapper,https://docs.kernel.org/admin-guide/device-mapper/,https://docs.kernel.org/admin-guide/device-mapper/,https://github.com/torvalds/linux/tree/master/drivers/md,"dm-linear, dm-mirror, dm-thin, dm-verity, dm-crypt — the table-driven block layer",Kernel docs,"The framework LVM, cryptsetup and verity are built on. dmsetup table on a running system shows it."
"5. Block, volume & device layers",dm-crypt / cryptsetup,https://gitlab.com/cryptsetup/cryptsetup,https://gitlab.com/cryptsetup/cryptsetup,https://gitlab.com/cryptsetup/cryptsetup,"LUKS2 header format, token plugins, cryptsetup-reencrypt",In-repo docs + man pages,Disk encryption is a block-layer problem — not a filesystem problem — and this project is the proof.
"5. Block, volume & device layers",md (multiple device) RAID,https://docs.kernel.org/admin-guide/md.html,https://docs.kernel.org/admin-guide/md.html,https://github.com/torvalds/linux/tree/master/drivers/md,mdadm is the userspace interface (next entry); /proc/mdstat is the state view,Kernel doc + md(4) man page,Software RAID 0/1/5/6/10 with online reshape. Know the difference between md RAID and LVM mirroring.
"5. Block, volume & device layers",mdadm,mdadm(8) man page — authoritative and complete,https://git.kernel.org/pub/scm/utils/mdadm/mdadm.git/,https://git.kernel.org/pub/scm/utils/mdadm/mdadm.git/,"--detail --scan --monitor; ARRAY lines in mdadm.conf",Man pages,mdadm is the interface to md. Learn the three states — clean and degraded and rebuilding — and what each means for your data.
"5. Block, volume & device layers",NVMe specifications,https://nvmexpress.org/specifications/,https://nvmexpress.org/specifications/,—,Base 2.x spec — NVMe-oF — ZNS (zoned namespaces): the three names to know,Spec PDFs downloadable free after registration,"Read the admin-vs-I/O command set split and the queue-pair model. NVMe-oF extends the same command set over a network."
"5. Block, volume & device layers",nvme-cli,https://github.com/linux-nvme/nvme-cli,https://github.com/linux-nvme/nvme-cli,https://github.com/linux-nvme/nvme-cli,libnvme (github.com/linux-nvme/libnvme); nvme list — smart-log — format,Man page per subcommand,The hands-on tool for every NVMe admin question. nvme smart-log is the NVMe answer to smartctl.
"5. Block, volume & device layers",SPDK,https://spdk.io/doc/,https://spdk.io/doc/,https://github.com/spdk/spdk,"Userspace NVMe driver, event framework, pollers, bdev layer",Docs + examples in-repo,Kernel-bypass storage: where the put-the-stack-in-userspace school lives — with the latency numbers to argue for it.
"5. Block, volume & device layers",Linux SCSI target (LIO / targetcli),https://linux-iscsi.org/,https://linux-iscsi.org/,https://github.com/open-iscsi/open-iscsi,targetcli shell; iSCSI — FC — vSCSI fabric modules on LIO,Online docs,"How Linux exports block devices over iSCSI. Creating one LUN with targetcli makes the LUN question trivial. Initiator: open-iscsi; target lives in kernel drivers/target."
"5. Block, volume & device layers",virtio (virtio-blk),https://docs.oasis-open.org/virtio/virtio/v1.2/virtio-v1.2.html,https://docs.oasis-open.org/virtio/virtio/v1.2/virtio-v1.2.html,—,Virtqueues; split/packed ring layouts; how every VM talks to its disks,Spec HTML and PDF free,Read the virtqueue description once and virtual machine I/O stops being magic.
"6. Backup, snapshot & disaster recovery",BorgBackup,https://borgbackup.readthedocs.io/en/stable/,https://borgbackup.readthedocs.io/en/stable/,https://github.com/borgbackup/borg,Dedup — compression — authenticated encryption; SSH as the transport,Sphinx docs + man pages,What you reach for on a single box. Its docs explain dedup better than most papers.
"6. Backup, snapshot & disaster recovery",Restic,https://restic.net/,https://restic.net/,https://github.com/restic/restic,"Native cloud backends (S3, B2, Azure, GCS), snapshots, dedup, encryption",Docs online + man page,Designed for cloud backends from day one. The design document explains the repo format.
"6. Backup, snapshot & disaster recovery",Kopia,https://kopia.io/docs/,https://kopia.io/docs/,https://github.com/kopia/kopia,"Client-side encryption, policies, KopiaUI desktop app",Online docs,Restic's closest cousin with a stronger policy model. Compare the two repo formats.
"6. Backup, snapshot & disaster recovery",rsync,https://rsync.samba.org/,https://rsync.samba.org/,https://github.com/RsyncProject/rsync,Delta-transfer algorithm; rsync(1) and rsyncd.conf(5),Man pages,"Not a backup system by itself — no history, no verification — but the delta algorithm is a canonical interview topic."
"6. Backup, snapshot & disaster recovery",ZFS send/recv,https://openzfs.github.io/openzfs-docs/,https://openzfs.github.io/openzfs-docs/,https://github.com/openzfs/zfs,Incremental streams (zfs send -i) — raw sends of encrypted datasets — resume tokens,zfs-send(8) and zfs-recv(8) man pages,"Replication by streaming block trees, not files. The model WAL-shipping discussions are secretly compared against."
"6. Backup, snapshot & disaster recovery",Btrfs send/receive,https://btrfs.readthedocs.io/en/latest/,https://btrfs.readthedocs.io/en/latest/,https://github.com/kdave/btrfs-progs,btrfs-send(8) and btrfs-receive(8); incremental streams from snapshots,Man pages,The same idea as ZFS send/recv — mainline in Linux. Snapshots + send is the Linux-native replication story.
"6. Backup, snapshot & disaster recovery",Velero,https://velero.io/,https://velero.io/docs/,https://github.com/vmware-tanzu/velero,"Kubernetes cluster-state backup; plugins for cloud volume snapshots; restic/kopia integration for PVs",Online docs,Cluster state plus persistent volumes — the standard answer to how-do-you-back-up-Kubernetes.
"7. Benchmarking, observability & hardware health",fio,https://github.com/axboe/fio,https://github.com/axboe/fio/blob/master/HOWTO.rst,https://github.com/axboe/fio,"Job files; engines: libaio, io_uring, psync, rbd, http; see examples/",fio(1) man page + in-repo HOWTO,THE storage benchmark. Every performance interview reduces to describing the workload in a fio job.
"7. Benchmarking, observability & hardware health",blktrace / blkparse,https://git.kernel.org/pub/scm/linux/kernel/git/axboe/blktrace.git/,https://git.kernel.org/pub/scm/linux/kernel/git/axboe/blktrace.git/,https://git.kernel.org/pub/scm/linux/kernel/git/axboe/blktrace.git/,blkparse and btt — see I/O the way the block layer sees it,Man pages in-repo,iostat tells you averages; blktrace shows the actual request stream with timestamps.
"7. Benchmarking, observability & hardware health",sysstat (iostat and sar),https://github.com/sysstat/sysstat,https://github.com/sysstat/sysstat,https://github.com/sysstat/sysstat,iostat -x 1 is the first command on any slow box; sar for history,Man pages,%util is a trap on fast devices — see honest notes. await and queue depth carry the real signal.
"7. Benchmarking, observability & hardware health",smartmontools,https://www.smartmontools.org/,https://www.smartmontools.org/,https://github.com/smartmontools/smartmontools,smartctl — SMART attributes — self-tests — error logs; NVMe health via nvme-cli,Man pages + drivedb database,"The low-level disk health tool. Companion: hdparm (name-only) — the other veteran for drive parameters and timings."
"7. Benchmarking, observability & hardware health",ioping,https://github.com/koct9i/ioping,https://github.com/koct9i/ioping,https://github.com/koct9i/ioping,ping for storage — latency distribution in one command,Man page,"The fastest way to feel the difference between NVMe, SATA and network block storage."
"7. Benchmarking, observability & hardware health",IO500,https://io500.org/,https://io500.org/,—,The HPC storage benchmark; full result lists published with configurations,Lists and submission data online,Shows what fast-filesystem means at scale: metadata operations and IOPS — not just bandwidth.
"7. Benchmarking, observability & hardware health",filebench,https://github.com/filebench/filebench,https://github.com/filebench/filebench,https://github.com/filebench/filebench,"Workload models (fileserver, varmail, oltp) in its own workload language",In-repo man pages + workload files,Older than fio but still the standard way to model whole application I/O patterns.
"8. Formats, interchange & embedded",SQLite file format,https://www.sqlite.org/fileformat2.html,https://www.sqlite.org/fileformat2.html,— (the database engine itself lives in the Database Systems index),"B-tree pages, WAL frames, freelist, schema layer — documented byte by byte",The spec is a single complete HTML page,"This entry is the on-disk format; the DBMS index covers the database itself. One of very few file formats with a complete readable spec."
"8. Formats, interchange & embedded",GNU tar,https://www.gnu.org/software/tar/manual/,https://www.gnu.org/software/tar/manual/,https://cgit.savannah.gnu.org/git/tar.git,POSIX ustar/pax vs GNU extensions; --one-file-system and --listed-incremental,Manual as HTML/PDF/info,"The format that outlived tapes. Incremental backup semantics, block size and device independence are all in here."
"8. Formats, interchange & embedded",Filesystem Hierarchy Standard (FHS),https://refspecs.linuxfoundation.org/FHS_3.0/fhs/index.html,https://refspecs.linuxfoundation.org/FHS_3.0/fhs/index.html,—,Where /etc and /var and /usr and /srv must be — and why,Single HTML document,Distributions deviate from it; interviews do not. One afternoon to read — permanent vocabulary gain.
"8. Formats, interchange & embedded",exFAT specification,https://learn.microsoft.com/en-us/windows/win32/fileio/exfat-specification,https://learn.microsoft.com/en-us/windows/win32/fileio/exfat-specification,—,The published spec that made the Linux exFAT implementation possible,Online HTML,"Spec-versus-field drift in action: SD cards in the wild disagree with Microsoft's own document in instructive ways."
"8. Formats, interchange & embedded",JEDEC standards (eMMC / UFS),https://www.jedec.org/,https://www.jedec.org/,—,eMMC (JESD84) and UFS (JESD220) — the embedded flash standards inside every phone and most IoT boards,Standards purchasable; some documents free after registration,"Paywalled. You rarely need more than knowing which standard applies and the layering (device, partition, boot areas)."
"8. Formats, interchange & embedded",UEFI specifications (GPT),https://uefi.org/specifications,https://uefi.org/specifications,—,The UEFI spec defines the GPT partition table; ACPI and Secure Boot documents also live here,Spec PDFs free,"Read only the partition-table section: protective MBR, GPT header, entry array, backup copy. That layout is interview-canonical."
"9. Persistent memory & new buses",PMDK,https://pmem.io/pmdk/,https://pmem.io/pmdk/,https://github.com/pmem/pmdk,libpmem — libpmemobj — pmempool — pmreorder,Docs + man pages,The programming model that made byte-addressable storage concrete: flushes — fences — transactions at memory speed.
"9. Persistent memory & new buses",libpmemobj,https://pmem.io/pmdk/,https://pmem.io/pmdk/,https://github.com/pmem/pmdk,Transactional object store — persistent pointers — layout-aware allocator,Man pages,"The hardware it targeted (Optane) was discontinued, but the crash-consistency ideas are permanent — the cleanest education in memory-speed persistence."
"9. Persistent memory & new buses",DAX,https://docs.kernel.org/filesystems/dax.html,https://docs.kernel.org/filesystems/dax.html,https://github.com/torvalds/linux (fs/dax.c),Direct access: mmap bypasses the page cache entirely,Kernel doc,CXL and the new-interconnect story are owned by the Computer Architecture index — this page keeps only the filesystem-side DAX note.
"9. Persistent memory & new buses",NVDIMM admin guide,https://docs.kernel.org/driver-api/nvdimm/index.html,https://docs.kernel.org/driver-api/nvdimm/index.html,https://github.com/torvalds/linux (drivers/nvdimm),pmem namespaces — labels — modes; ndctl companion below,Kernel docs,Region vs namespace and why pmem and blk modes existed. The kernel-side counterpart to the PMDK view.
"9. Persistent memory & new buses",ndctl,https://github.com/pmem/ndctl,https://github.com/pmem/ndctl,https://github.com/pmem/ndctl,Namespace management — region/label model — daxctl for device-DAX,Man pages,libnvdimm's userland. Even with Optane gone the tooling remains the reference for how the kernel models persistent regions.
